Nombre,Equipo,MP,FG,FGA,FG3,FG3A,FT,FTA,ORB,DRB,AST,STL,BLK,TOV,PF,PTS,G,PER
Aaron Gordon,Denver Nuggets,650,103,206,17,64,31,44,38,80,56,17,14,30,40,254,25,16.39
Aaron Gordon,Orlando Magic,737,128,293,42,112,66,105,39,127,105,16,20,67,49,364,25,17.97
Aaron Holiday,Indiana Pacers,1176,170,436,67,182,68,83,15,74,123,46,13,66,94,475,66,12.15
Aaron Nesmith,Boston Celtics,665,78,178,40,108,22,28,28,99,23,15,9,23,87,218,46,11.34
Abdel Nader,Phoenix Suns,353,57,116,18,43,28,37,7,55,19,10,9,19,34,160,24,16.07
Adam Mokoka,Chicago Bulls,56,7,19,1,10,0,1,1,4,5,2,1,5,5,15,14,4.03
Al Horford,Oklahoma City Thunder,782,162,360,56,152,18,22,29,159,94,25,26,29,48,398,28,21.14
Al-Farouq Aminu,Chicago Bulls,66,2,10,1,6,4,5,2,17,2,2,0,3,7,9,6,4.56
Al-Farouq Aminu,Orlando Magic,367,36,89,7,31,14,17,20,71,29,17,9,25,22,93,17,11.86
Alec Burks,New York Knicks,1252,210,500,102,246,101,118,21,206,107,31,14,49,102,623,49,17.36
Aleksej Pokusevski,Oklahoma City Thunder,1087,139,408,58,207,31,42,30,182,97,20,42,99,58,367,45,8.5
Alen Smailagić,Golden State Warriors,83,11,27,4,10,2,6,6,10,4,3,5,5,11,28,15,11.55
Alex Caruso,Los Angeles Lakers,1219,133,305,55,137,49,76,31,139,160,64,15,76,108,370,58,13.27
Alex Len,Toronto Raptors,77,5,10,3,6,3,6,0,11,3,1,6,8,10,16,7,5.47
Alex Len,Washington Wizards,903,166,268,5,19,70,110,78,171,46,19,58,47,117,407,57,20.95
Alfonzo McKinnie,Los Angeles Lakers,258,48,93,16,39,10,18,22,32,6,7,0,5,26,122,39,18.21
Alize Johnson,Brooklyn Nets,186,40,68,1,6,13,13,27,63,14,5,5,9,16,94,18,27.83
Amida Brimah,Indiana Pacers,30,5,8,0,0,3,3,2,6,1,0,5,4,4,13,5,18.85
Amir Coffey,Los Angeles Clippers,393,45,103,23,56,27,38,10,34,22,10,0,15,30,140,44,11.95
Anderson Varejão,Cleveland Cavaliers,36,4,16,0,1,5,9,7,13,3,0,2,1,3,13,5,15.83
Andre Drummond,Cleveland Cavaliers,721,180,380,0,8,77,129,101,236,64,40,29,81,69,437,25,24.38
Andre Drummond,Los Angeles Lakers,520,102,192,0,0,46,76,65,149,30,23,20,43,80,250,21,20.96
Andre Iguodala,Miami Heat,1337,95,248,60,182,25,38,38,183,142,57,35,67,90,275,63,10.9
Andre Roberson,Brooklyn Nets,63,2,14,1,8,1,2,7,8,4,3,1,2,4,6,5,5.32
Andrew Wiggins,Golden State Warriors,2365,505,1058,140,368,170,238,82,265,167,67,70,126,159,1320,71,19.15
Anfernee Simons,Portland Trail Blazers,1102,168,401,120,282,46,57,14,126,89,18,8,43,96,502,64,14.75
Anthony Davis,Los Angeles Lakers,1161,301,613,26,100,158,214,62,224,110,45,59,74,60,785,36,26.28
Anthony Edwards,Minnesota Timberwolves,2310,505,1211,171,520,211,272,59,277,211,82,36,160,129,1392,72,18.15
Anthony Gill,Washington Wizards,218,30,60,7,24,13,16,16,35,11,10,4,8,27,80,26,16.68
Anthony Lamb,Houston Rockets,414,46,118,23,71,18,21,27,43,23,6,5,19,34,133,24,10.88
Anthony Tolliver,Philadelphia 76ers,99,4,17,4,14,5,6,3,7,2,3,2,3,7,17,11,5.08
Anžejs Pasečņiks,Washington Wizards,6,0,1,0,1,0,0,1,0,1,0,0,5,2,0,1,-44.86
Armoni Brooks,Houston Rockets,520,78,192,60,157,7,12,10,58,30,12,5,22,34,223,20,13.32
Aron Baynes,Toronto Raptors,979,134,304,27,103,29,41,87,186,47,17,23,46,119,324,53,12.7
Ashton Hagans,Minnesota Timberwolves,4,0,0,0,0,0,0,0,0,0,0,0,1,0,0,2,-13.47
Austin Rivers,Denver Nuggets,402,46,110,27,72,12,17,3,32,39,18,2,14,32,131,15,12.41
Austin Rivers,New York Knicks,440,58,135,28,77,10,14,5,42,42,12,0,22,32,154,21,11.33
Avery Bradley,Houston Rockets,392,33,105,17,63,5,6,6,33,32,14,2,19,29,88,17,5.74
Avery Bradley,Miami Heat,211,31,66,16,38,7,9,2,16,14,7,1,9,26,85,10,12.76
Axel Toupane,Milwaukee Bucks,61,4,11,1,2,5,7,0,6,4,2,3,0,6,14,8,10.89
Bam Adebayo,Miami Heat,2141,456,800,2,8,283,354,142,431,346,75,66,169,145,1197,64,26.42
Ben McLemore,Houston Rockets,536,80,224,55,166,23,32,11,55,28,20,3,28,51,238,32,11.18
Ben McLemore,Los Angeles Lakers,367,55,141,42,114,16,21,4,30,11,3,6,14,37,168,21,11.35
Ben Simmons,Philadelphia 76ers,1878,325,583,3,10,176,287,93,324,401,93,35,173,171,829,58,21.52
Bismack Biyombo,Charlotte Hornets,1349,142,242,0,1,47,105,137,210,81,17,74,71,141,331,66,13.46
Blake Griffin,Brooklyn Nets,561,93,189,31,81,43,55,28,93,63,18,13,30,69,260,26,19.49
Blake Griffin,Detroit Pistons,625,81,222,39,124,44,62,7,97,77,14,2,32,42,245,20,12.65
Boban Marjanović,Dallas Mavericks,271,62,122,1,8,31,38,47,81,10,2,6,12,29,156,33,25.52
Bobby Portis,Milwaukee Bucks,1370,313,598,74,157,54,73,124,342,71,52,26,56,115,754,66,24.0
Bogdan Bogdanović,Atlanta Hawks,1306,267,565,146,333,40,44,20,140,147,49,13,54,99,720,44,20.74
Bojan Bogdanović,Utah Jazz,2219,406,925,180,461,233,265,40,241,136,45,4,128,115,1225,72,16.97
Bol Bol,Denver Nuggets,161,25,58,9,24,10,15,0,24,7,3,10,13,14,69,32,11.78
Brad Wanamaker,Charlotte Hornets,429,54,126,3,24,40,45,10,29,75,17,5,34,39,151,22,13.46
Brad Wanamaker,Golden State Warriors,625,61,173,13,61,50,56,8,58,99,26,6,37,55,185,39,11.27
Bradley Beal,Washington Wizards,2143,670,1382,130,373,408,459,72,211,265,69,22,187,140,1878,60,28.78
Brandon Clarke,Memphis Grizzlies,1413,256,495,20,77,78,113,97,231,95,60,51,33,84,610,59,20.61
Brandon Goodwin,Atlanta Hawks,619,84,223,32,103,28,43,8,61,95,17,0,36,41,228,47,11.65
Brandon Ingram,New Orleans Pelicans,2088,513,1101,143,375,281,320,34,265,296,42,36,154,124,1450,61,23.73
Brian Bowen,Indiana Pacers,15,1,4,0,1,1,1,0,3,0,0,0,0,1,3,6,2.81
Brodric Thomas,Cleveland Cavaliers,376,37,101,15,53,26,39,7,42,26,14,9,18,35,115,28,9.93
Brodric Thomas,Houston Rockets,24,2,7,1,6,5,7,1,3,4,1,1,4,5,10,4,9.8
Brook Lopez,Milwaukee Bucks,1903,322,640,95,281,120,142,104,243,50,40,103,64,149,859,70,18.32
Bruce Brown,Brooklyn Nets,1453,235,423,17,59,86,117,111,238,104,58,28,54,145,573,65,18.85
Bruno Caboclo,Houston Rockets,37,8,17,0,5,1,2,3,11,1,0,2,4,6,17,6,11.76
Bruno Fernando,Atlanta Hawks,228,18,44,0,2,15,22,16,62,10,4,3,21,23,51,33,7.81
Bryn Forbes,Milwaukee Bucks,1358,250,529,154,341,47,61,11,101,45,24,1,44,77,701,70,15.87
Buddy Hield,Sacramento Kings,2439,403,992,282,721,88,104,29,305,257,63,30,130,175,1176,71,16.0
CJ Elleby,Portland Trail Blazers,191,25,66,7,34,11,15,11,21,10,6,3,5,27,68,30,11.17
CJ McCollum,Portland Trail Blazers,1602,405,884,169,420,108,133,30,155,223,44,21,65,87,1087,47,24.16
Caleb Martin,Charlotte Hornets,820,96,256,31,125,41,64,31,110,67,37,12,33,62,264,53,11.97
Cam Reddish,Atlanta Hawks,749,96,263,33,126,67,82,22,82,35,33,9,34,68,292,26,11.56
Cameron Johnson,Phoenix Suns,1437,203,483,117,335,50,59,33,166,86,37,16,40,85,573,60,14.2
Cameron Oliver,Houston Rockets,88,19,33,4,13,1,4,5,16,5,2,4,3,11,43,4,20.41
Cameron Payne,Phoenix Suns,1077,191,395,73,166,50,56,16,128,217,36,16,60,97,505,60,20.53
Cameron Reynolds,Houston Rockets,34,5,16,3,12,0,0,2,3,2,0,0,0,2,13,2,9.15
Cameron Reynolds,San Antonio Spurs,6,1,2,0,0,0,0,0,0,0,0,0,0,0,2,3,7.79
Caris LeVert,Brooklyn Nets,335,87,200,22,63,26,34,10,42,72,13,6,26,20,222,12,23.7
Caris LeVert,Indiana Pacers,1154,272,614,62,195,120,146,23,139,173,53,24,76,85,726,35,22.06
Carmelo Anthony,Portland Trail Blazers,1690,327,777,133,325,137,154,32,182,104,46,38,61,144,924,69,17.26
Carsen Edwards,Boston Celtics,274,47,111,18,63,11,13,3,23,14,7,1,7,25,123,31,12.73
Cassius Stanley,Indiana Pacers,93,13,43,3,13,7,9,8,12,1,1,2,1,14,36,24,8.03
Cassius Winston,Washington Wizards,98,14,33,8,17,5,6,0,9,12,2,1,5,8,41,22,14.03
Cedi Osman,Cleveland Cavaliers,1511,219,586,99,324,76,95,38,163,174,53,9,80,119,613,59,12.91
Chandler Hutchison,Chicago Bulls,63,5,18,1,3,2,2,1,19,4,1,0,5,9,13,7,2.42
Chandler Hutchison,Washington Wizards,283,34,85,7,19,19,23,5,53,13,11,5,15,24,94,18,10.91
Charlie Brown Jr.,Oklahoma City Thunder,151,13,43,5,21,9,10,3,14,9,4,2,6,19,40,9,5.84
Chasson Randle,Orlando Magic,839,92,237,44,130,38,48,7,75,74,22,5,46,64,266,41,9.33
Chimezie Metu,Sacramento Kings,490,91,179,13,37,31,43,31,81,28,14,18,29,59,226,36,17.38
Chris Boucher,Toronto Raptors,1454,288,560,90,235,152,193,117,287,63,35,111,46,166,818,60,25.4
Chris Chiozza,Brooklyn Nets,233,31,88,13,42,13,17,3,21,65,7,6,16,19,88,22,16.03
Chris Paul,Phoenix Suns,2200,439,879,102,258,169,181,25,287,622,99,19,156,166,1149,70,25.01
Chris Silva,Miami Heat,83,9,13,1,1,11,15,7,18,6,1,5,9,20,30,11,15.32
Chris Silva,Sacramento Kings,9,1,3,0,0,0,0,0,2,0,0,1,1,4,2,4,-5.16
Christian Wood,Houston Rockets,1326,329,640,77,206,125,198,76,319,71,34,48,80,88,860,41,24.49
Chuma Okeke,Orlando Magic,1133,135,324,49,141,30,40,42,139,101,48,22,38,48,349,45,13.86
Clint Capela,Atlanta Hawks,1901,413,695,0,0,130,227,297,606,49,44,129,73,145,956,63,27.26
Coby White,Chicago Bulls,2157,375,902,163,454,128,142,28,256,328,38,15,156,179,1041,69,15.35
Cody Martin,Charlotte Hornets,849,83,188,16,58,25,43,52,109,86,37,12,40,52,207,52,12.59
Cody Zeller,Charlotte Hornets,1004,181,324,4,28,85,119,119,209,86,27,17,51,121,451,48,21.38
Cole Anthony,Orlando Magic,1270,219,552,58,172,109,131,38,183,192,30,18,106,98,605,47,15.11
Collin Sexton,Cleveland Cavaliers,2113,525,1105,98,264,312,383,58,129,262,62,10,167,157,1460,60,21.73
Cory Joseph,Detroit Pistons,502,89,176,14,38,36,41,10,50,105,22,9,35,41,228,19,20.44
Cory Joseph,Sacramento Kings,942,111,250,31,94,36,47,25,74,108,39,9,44,98,289,44,12.07
Cristiano Felício,Chicago Bulls,84,7,13,0,2,9,16,10,16,9,4,0,4,10,23,18,16.84
D'Angelo Russell,Minnesota Timberwolves,1197,281,652,120,310,114,149,16,95,244,45,18,112,68,796,42,22.44
D.J. Augustin,Houston Rockets,417,64,151,34,88,49,54,9,35,78,8,0,31,23,211,20,19.14
D.J. Augustin,Milwaukee Bucks,712,71,192,49,129,36,40,11,39,110,20,1,34,33,227,37,12.69
D.J. Wilson,Houston Rockets,332,52,125,20,59,16,23,17,70,20,10,12,18,31,140,23,15.5
D.J. Wilson,Milwaukee Bucks,104,16,43,10,28,1,2,3,22,3,1,4,4,13,43,12,11.32
DaQuan Jeffries,Houston Rockets,260,26,63,11,39,1,1,10,32,16,8,6,6,25,64,13,10.5
DaQuan Jeffries,Sacramento Kings,231,24,57,9,28,6,7,9,20,6,7,4,8,23,63,18,8.91
Dakota Mathias,Philadelphia 76ers,124,19,48,8,26,2,6,1,6,13,1,3,1,7,48,8,12.09
Damian Jones,Los Angeles Lakers,111,16,17,0,0,11,12,8,18,1,1,7,5,22,43,8,19.14
Damian Jones,Phoenix Suns,92,8,16,0,1,6,11,7,11,4,1,5,6,19,22,14,7.93
Damian Jones,Sacramento Kings,340,46,70,1,4,25,35,21,56,24,9,17,15,36,118,17,18.34
Damian Lillard,Portland Trail Blazers,2397,602,1334,275,704,449,484,32,251,505,62,17,203,102,1928,67,29.77
Damion Lee,Golden State Warriors,1081,128,274,77,194,40,44,22,158,73,38,8,30,89,373,57,14.79
Damyean Dotson,Cleveland Cavaliers,910,119,293,46,159,24,36,5,88,91,16,4,42,42,308,46,10.27
Daniel Gafford,Chicago Bulls,389,60,87,0,0,27,41,44,59,17,11,34,22,54,147,31,20.76
Daniel Gafford,Washington Wizards,409,94,138,0,0,45,67,50,78,12,15,41,19,44,233,23,29.77
Daniel Oturu,Los Angeles Clippers,161,22,52,1,5,9,12,21,27,10,4,7,9,24,54,30,14.2
Daniel Theis,Boston Celtics,1024,159,288,33,95,46,67,54,166,67,25,43,41,120,397,42,17.27
Daniel Theis,Chicago Bulls,574,93,178,16,57,28,43,39,97,41,16,14,25,47,230,23,17.65
Danilo Gallinari,Atlanta Hawks,1218,206,475,103,254,161,174,17,194,76,30,10,43,105,676,51,19.55
Danny Green,Philadelphia 76ers,1934,224,544,175,432,31,40,55,205,118,92,56,67,125,654,69,14.32
Dante Exum,Cleveland Cavaliers,116,10,26,2,11,1,2,2,15,13,4,2,7,9,23,6,7.54
Danuel House Jr.,Houston Rockets,933,110,272,54,156,41,63,18,114,69,20,16,36,67,315,36,11.54
Dario Šarić,Phoenix Suns,868,153,342,47,135,84,99,46,144,65,30,4,57,95,437,50,17.34
Darius Bazley,Oklahoma City Thunder,1716,273,690,83,286,125,178,51,345,99,29,25,122,60,754,55,12.61
Darius Garland,Cleveland Cavaliers,1788,362,802,105,266,112,132,23,106,329,66,6,164,110,941,54,17.38
Darius Miller,Oklahoma City Thunder,198,22,48,17,42,12,12,2,22,21,13,5,8,13,73,18,18.61
David Nwaba,Houston Rockets,677,106,218,17,63,47,68,40,78,31,30,21,17,60,276,30,17.22
De'Aaron Fox,Sacramento Kings,2037,529,1110,103,320,300,417,33,170,417,87,27,174,170,1461,58,25.24
De'Andre Hunter,Atlanta Hawks,678,120,248,31,95,73,85,17,93,44,19,12,29,59,344,23,18.52
De'Anthony Melton,Memphis Grizzlies,1043,172,393,87,211,41,51,30,131,132,60,31,66,85,472,52,18.65
DeAndre Jordan,Brooklyn Nets,1244,190,249,0,1,46,92,117,310,93,17,65,85,116,426,57,19.7
DeAndre' Bembry,Toronto Raptors,976,117,228,14,53,45,66,33,113,107,53,18,71,87,293,51,13.34
DeMar DeRozan,San Antonio Spurs,2056,455,920,19,74,387,440,40,219,422,56,15,119,128,1316,61,25.94
DeMarcus Cousins,Houston Rockets,507,79,210,39,116,44,59,30,161,60,21,18,39,74,241,25,18.78
DeMarcus Cousins,Los Angeles Clippers,206,51,95,8,19,15,22,23,49,16,13,6,25,33,125,16,23.45
Dean Wade,Cleveland Cavaliers,1214,134,311,78,213,30,39,38,177,74,35,21,30,78,376,63,13.38
Deandre Ayton,Phoenix Suns,2116,430,687,4,20,133,173,228,499,99,41,81,103,196,997,69,23.0
Deividas Sirvydis,Detroit Pistons,132,14,40,10,28,3,6,0,29,5,2,0,5,9,41,20,8.07
Dejounte Murray,San Antonio Spurs,2140,441,974,63,199,106,134,58,415,363,101,7,117,135,1051,67,19.96
Delon Wright,Detroit Pistons,1052,136,293,31,89,71,90,37,127,181,58,19,48,45,374,36,19.19
Delon Wright,Sacramento Kings,699,104,225,33,83,30,36,28,77,97,43,11,35,30,271,27,18.78
Deni Avdija,Washington Wizards,1260,130,312,53,168,29,45,22,240,63,32,15,33,140,342,54,9.94
Dennis Schröder,Los Angeles Lakers,1958,332,760,71,212,206,243,30,181,351,70,13,163,159,942,61,16.91
Dennis Smith Jr.,Detroit Pistons,393,56,135,19,54,14,20,12,41,74,20,14,25,33,145,20,16.76
Dennis Smith Jr.,New York Knicks,28,2,10,0,4,5,6,0,2,3,3,0,1,4,9,3,8.75
Denzel Valentine,Chicago Bulls,1038,155,416,80,242,16,17,24,173,105,30,7,42,70,406,62,13.01
Derrick Favors,Utah Jazz,1036,155,243,0,2,59,80,138,238,44,32,68,36,143,369,68,21.85
Derrick Jones Jr.,Portland Trail Blazers,1318,147,304,43,136,59,91,77,128,47,37,54,32,127,396,58,13.32
Derrick Rose,Detroit Pistons,340,79,184,13,39,42,50,6,23,63,18,4,29,17,213,15,21.12
Derrick Rose,New York Knicks,937,208,427,37,90,68,77,14,87,146,31,15,49,39,521,35,21.39
Derrick White,San Antonio Spurs,1063,186,453,84,243,97,114,13,94,127,26,36,45,91,553,36,18.05
Desmond Bane,Memphis Grizzlies,1520,234,499,117,271,40,49,31,179,118,41,16,59,125,625,68,15.08
Devin Booker,Phoenix Suns,2271,623,1287,126,371,340,392,34,247,289,53,16,207,181,1712,67,23.39
Devin Cannady,Orlando Magic,74,11,28,6,16,6,7,0,5,1,5,1,2,9,34,8,13.58
Devin Vassell,San Antonio Spurs,1058,123,303,52,150,43,51,24,150,56,43,18,22,88,341,62,12.73
Devon Dotson,Chicago Bulls,50,11,21,1,7,0,0,2,3,7,4,0,0,3,23,11,22.68
Devontae Cacok,Los Angeles Lakers,98,17,29,0,0,5,11,12,20,1,5,4,5,8,39,20,19.62
Devonte' Graham,Charlotte Hornets,1659,252,669,179,477,133,158,22,126,295,48,6,84,77,816,55,18.21
Dewayne Dedmon,Miami Heat,210,46,65,1,5,20,27,28,58,12,9,6,13,36,113,16,27.73
Didi Louzada,New Orleans Pelicans,57,3,13,2,8,0,0,1,2,3,2,0,3,5,8,3,0.04
Dillon Brooks,Memphis Grizzlies,1997,432,1031,128,372,159,195,53,143,157,78,26,119,237,1151,67,15.7
Domantas Sabonis,Indiana Pacers,2231,484,904,52,162,240,328,150,592,415,76,33,213,203,1260,62,25.41
Donovan Mitchell,Utah Jazz,1771,478,1091,178,461,267,316,50,185,277,52,15,147,117,1401,53,25.7
Donta Hall,Orlando Magic,179,25,35,0,0,23,34,24,38,11,5,10,8,18,73,13,24.66
Donte DiVincenzo,Milwaukee Bucks,1814,253,603,131,346,51,71,81,299,203,72,15,91,112,688,66,16.01
Dorian Finney-Smith,Dallas Mavericks,1921,220,466,119,302,31,41,98,228,102,52,25,48,138,590,60,13.65
Doug McDermott,Indiana Pacers,1617,354,665,111,286,80,98,60,161,85,20,6,53,117,899,66,19.46
Draymond Green,Golden State Warriors,1981,170,380,34,126,70,88,55,394,558,105,52,188,194,444,63,16.45
Drew Eubanks,San Antonio Spurs,757,116,205,2,2,77,106,74,167,42,18,49,45,88,311,54,20.31
Duncan Robinson,Miami Heat,2261,315,717,250,613,62,75,7,243,127,43,20,81,181,942,72,13.61
Dwayne Bacon,Orlando Magic,1854,292,726,59,207,145,176,31,193,93,45,5,46,103,788,72,12.38
Dwight Howard,Philadelphia 76ers,1190,178,303,5,20,121,210,190,390,61,30,62,112,200,482,69,20.51
Dwight Powell,Dallas Mavericks,965,120,194,5,21,97,124,80,154,63,36,30,40,135,342,58,18.54
Dylan Windler,Cleveland Cavaliers,515,57,130,26,77,21,27,20,87,33,19,12,32,37,161,31,12.79
Dāvis Bertāns,Washington Wizards,1460,193,478,169,428,100,115,18,150,49,33,13,33,136,655,57,14.61
E'Twaun Moore,Phoenix Suns,389,55,121,11,35,12,14,14,31,40,15,5,23,32,133,27,12.43
Ed Davis,Minnesota Timberwolves,298,19,44,0,0,10,12,46,69,21,13,13,7,56,48,23,15.09
Edmond Sumner,Indiana Pacers,859,148,282,35,88,68,83,18,76,49,33,10,51,88,399,53,15.82
Elfrid Payton,New York Knicks,1486,269,622,28,98,73,107,64,152,203,47,9,103,116,639,63,13.85
Elijah Bryant,Milwaukee Bucks,32,6,13,1,5,3,3,2,4,3,0,1,4,4,16,1,13.42
Elijah Hughes,Utah Jazz,65,10,30,8,23,3,4,1,8,6,1,1,6,1,31,18,11.19
Enes Freedom,Portland Trail Blazers,1760,339,561,1,4,127,164,284,511,84,33,48,78,168,806,72,24.89
Eric Bledsoe,New Orleans Pelicans,2108,307,730,121,355,134,195,29,215,268,55,24,114,112,869,71,14.49
Eric Gordon,Houston Rockets,790,159,367,69,210,94,114,8,50,71,14,13,51,44,481,27,18.17
Eric Paschall,Golden State Warriors,697,148,298,18,54,67,94,28,100,51,12,7,43,68,381,40,17.41
Ersan İlyasova,Utah Jazz,145,21,54,18,41,5,5,7,22,4,10,3,8,29,65,17,14.76
Evan Fournier,Boston Celtics,474,77,172,44,95,10,14,5,48,49,20,10,19,41,208,16,16.67
Evan Fournier,Orlando Magic,786,170,369,73,188,98,123,5,70,95,27,9,54,55,511,26,21.81
Facundo Campazzo,Denver Nuggets,1424,120,315,76,216,80,91,22,112,232,79,14,73,132,396,65,13.54
Frank Jackson,Detroit Pistons,739,134,293,61,150,61,75,15,71,36,15,1,34,53,390,40,16.24
Frank Kaminsky,Phoenix Suns,716,121,257,31,85,37,60,36,152,79,14,17,22,70,310,47,18.66
Frank Mason III,Orlando Magic,79,9,24,2,5,5,7,3,9,12,0,0,5,7,25,4,9.61
Frank Ntilikina,New York Knicks,320,29,79,23,48,8,18,6,25,19,18,4,11,45,89,33,9.12
Fred VanVleet,Toronto Raptors,1902,338,870,174,476,169,191,32,188,328,87,37,95,119,1019,52,20.52
Freddie Gillespie,Toronto Raptors,394,44,84,0,0,23,33,42,55,9,13,20,12,43,111,20,15.11
Furkan Korkmaz,Philadelphia 76ers,1061,170,424,101,269,60,82,17,96,82,49,9,46,64,501,55,15.63
Gabe Vincent,Miami Heat,659,88,233,46,149,20,23,10,46,67,21,2,34,79,242,50,9.94
Gabriel Deck,Oklahoma City Thunder,212,32,67,2,15,18,22,16,24,24,8,0,6,9,84,10,18.91
Garrett Temple,Chicago Bulls,1528,158,381,67,200,40,50,29,131,124,43,30,58,126,423,56,10.17
Garrison Mathews,Washington Wizards,1037,97,237,76,198,84,95,16,71,26,29,7,10,106,354,64,12.1
Gary Clark,Denver Nuggets,4,0,0,0,0,0,0,0,1,0,0,0,0,0,0,2,3.68
Gary Clark,Orlando Magic,637,40,131,31,108,8,10,33,79,30,12,7,17,34,119,35,7.42
Gary Clark,Philadelphia 76ers,13,0,1,0,0,0,0,0,2,1,1,0,0,1,0,2,4.74
Gary Harris,Denver Nuggets,583,69,156,24,75,22,30,13,34,32,17,4,14,37,184,19,11.03
Gary Harris,Orlando Magic,499,69,189,24,66,42,48,8,24,46,11,7,23,34,204,20,11.26
Gary Payton II,Golden State Warriors,39,10,13,2,4,3,4,2,9,1,6,1,1,8,25,10,35.44
Gary Trent Jr.,Portland Trail Blazers,1265,217,524,121,305,58,75,21,70,58,37,6,31,63,613,41,14.7
Gary Trent Jr.,Toronto Raptors,539,103,261,44,124,25,31,6,55,22,19,4,12,29,275,17,14.52
George Hill,Oklahoma City Thunder,368,61,120,22,57,21,25,8,21,43,12,2,12,12,165,14,18.9
George Hill,Philadelphia 76ers,303,34,77,9,23,19,25,8,24,30,11,3,19,19,96,16,11.68
Georges Niang,Utah Jazz,1151,177,405,124,292,22,23,28,148,59,25,8,51,116,500,72,13.85
Giannis Antetokounmpo,Milwaukee Bucks,2011,626,1100,67,221,398,581,97,574,357,72,73,207,168,1717,61,35.29
Glenn Robinson III,Sacramento Kings,372,42,99,16,44,21,23,11,34,20,4,3,11,23,121,23,11.06
Goga Bitadze,Indiana Pacers,563,83,194,20,79,45,61,60,90,37,9,60,17,94,231,45,19.3
Goran Dragić,Miami Heat,1337,240,555,91,244,101,122,25,144,219,33,8,118,113,672,50,16.29
Gordon Hayward,Charlotte Hornets,1496,311,658,85,205,156,185,37,221,181,52,14,91,74,863,44,21.66
Gorgui Dieng,Memphis Grizzlies,373,56,108,23,48,38,43,28,70,29,17,14,22,38,173,22,22.53
Gorgui Dieng,San Antonio Spurs,181,29,55,7,22,20,24,12,30,19,9,2,10,18,85,16,21.97
Grant Riller,Charlotte Hornets,26,8,12,2,4,0,0,0,1,3,1,0,1,0,18,7,28.95
Grant Williams,Boston Celtics,1138,108,247,48,129,30,51,48,130,64,32,24,56,161,294,63,8.96
Grayson Allen,Memphis Grizzlies,1256,173,414,107,274,79,91,19,141,108,46,8,48,71,532,50,15.9
Greg Whittington,Denver Nuggets,11,0,3,0,2,0,0,0,0,0,0,0,0,0,0,4,-10.69
Hamidou Diallo,Detroit Pistons,464,81,173,16,41,45,68,22,85,24,10,12,27,51,223,20,16.06
Hamidou Diallo,Oklahoma City Thunder,762,143,297,12,41,83,132,37,128,77,31,12,49,83,381,32,18.18
Harrison Barnes,Sacramento Kings,2100,319,642,100,256,195,235,64,321,201,43,11,93,75,933,58,18.52
Harry Giles,Portland Trail Blazers,346,42,97,8,23,16,27,31,102,29,8,13,20,54,108,38,14.6
Hassan Whiteside,Sacramento Kings,549,126,224,0,1,41,79,61,154,20,9,46,40,73,293,36,22.53
Henry Ellenson,Toronto Raptors,38,5,14,2,9,3,4,3,9,5,0,0,0,7,15,2,15.89
Ignas Brazdeikis,New York Knicks,7,0,1,0,0,2,2,1,1,1,0,0,1,0,2,4,12.74
Ignas Brazdeikis,Orlando Magic,234,35,79,11,27,8,12,10,31,16,4,3,11,22,89,8,12.44
Ignas Brazdeikis,Philadelphia 76ers,8,0,3,0,1,0,0,0,2,0,0,0,0,0,0,1,-11.02
Iman Shumpert,Brooklyn Nets,11,1,4,0,3,0,0,1,0,0,1,0,1,0,2,2,0.68
Immanuel Quickley,New York Knicks,1243,229,580,118,303,155,174,25,112,127,30,12,58,114,731,64,18.45
Isaac Bonga,Washington Wizards,428,30,81,13,47,5,8,18,48,23,11,9,22,63,78,40,5.4
Isaac Okoro,Cleveland Cavaliers,2172,235,559,62,214,114,157,68,138,128,62,24,86,185,646,67,9.57
Isaiah Hartenstein,Cleveland Cavaliers,288,53,91,2,6,24,35,25,71,40,8,19,23,45,132,16,23.07
Isaiah Hartenstein,Denver Nuggets,275,41,80,0,0,22,36,40,45,15,11,20,21,59,104,30,17.18
Isaiah Joe,Philadelphia 76ers,383,48,133,39,106,18,24,6,30,20,12,4,11,34,153,41,11.83
Isaiah Roby,Oklahoma City Thunder,1428,207,429,32,109,87,117,89,252,107,52,37,113,162,533,61,14.35
Isaiah Stewart,Detroit Pistons,1457,226,409,21,63,64,92,159,294,59,39,86,67,184,537,68,18.58
Isaiah Thomas,New Orleans Pelicans,48,9,27,3,12,2,2,1,3,5,1,0,6,3,23,3,5.26
Ish Smith,Washington Wizards,921,129,297,18,49,19,33,22,128,172,32,13,41,62,295,44,14.88
Ivica Zubac,Los Angeles Clippers,1608,257,394,1,4,135,171,189,330,90,24,62,81,187,650,72,21.08
J.J. Redick,Dallas Mavericks,146,19,53,15,38,4,5,1,11,11,2,1,11,13,57,13,7.92
J.J. Redick,New Orleans Pelicans,576,87,214,51,140,45,47,3,49,40,9,2,25,37,270,31,13.91
Ja Morant,Memphis Grizzlies,2054,430,957,73,241,271,372,59,193,465,57,13,203,87,1204,63,21.01
JaKarr Sampson,Indiana Pacers,315,56,113,3,15,19,29,27,50,4,2,14,15,52,134,29,13.68
JaMychal Green,Denver Nuggets,1120,173,374,79,198,46,57,85,192,53,26,22,53,144,471,58,16.01
JaVale McGee,Cleveland Cavaliers,501,112,215,5,20,36,55,54,116,33,16,40,45,80,265,33,21.45
JaVale McGee,Denver Nuggets,177,32,67,0,4,8,12,23,46,6,3,14,15,41,72,13,15.0
Jabari Parker,Boston Celtics,139,26,48,2,10,10,13,9,27,10,1,4,7,9,64,10,19.13
Jabari Parker,Sacramento Kings,27,4,7,0,1,0,0,1,5,1,0,1,3,4,8,3,6.75
Jaden McDaniels,Minnesota Timberwolves,1512,164,367,72,198,27,45,52,180,71,35,60,47,172,427,63,11.02
Jae Crowder,Phoenix Suns,1652,199,492,148,380,57,75,32,250,127,48,27,55,125,603,60,14.2
Jae'Sean Tate,Houston Rockets,2039,316,625,60,195,102,147,132,242,178,85,36,98,222,794,70,16.59
Jahlil Okafor,Detroit Pistons,344,63,102,2,9,17,24,23,43,13,6,5,21,39,145,27,15.54
Jahmi'us Ramsey,Sacramento Kings,94,15,38,5,19,5,5,2,8,6,4,1,3,8,40,13,13.19
Jake Layman,Minnesota Timberwolves,625,91,184,23,78,26,37,13,54,28,29,19,26,44,231,45,14.06
Jakob Poeltl,San Antonio Spurs,1848,265,430,0,0,63,124,219,328,134,47,123,83,172,593,69,19.48
Jalen Brunson,Dallas Mavericks,1698,328,627,81,200,120,151,27,204,239,35,1,80,109,857,68,19.87
Jalen Harris,Toronto Raptors,170,36,72,17,36,7,9,3,15,17,8,0,14,15,96,13,18.8
Jalen Lecque,Indiana Pacers,12,1,9,0,1,3,3,2,3,2,0,0,0,0,5,4,8.73
Jalen McDaniels,Charlotte Hornets,905,133,284,35,105,45,64,45,124,53,28,19,45,95,346,47,14.0
Jalen Smith,Phoenix Suns,154,22,50,4,17,5,7,7,30,4,1,5,7,16,53,27,10.69
Jamal Murray,Denver Nuggets,1704,378,792,129,316,133,153,37,157,231,64,13,108,95,1018,48,21.73
James Ennis III,Orlando Magic,985,115,243,45,104,70,87,43,123,62,32,7,36,84,345,41,14.61
James Harden,Brooklyn Nets,1318,282,599,96,262,225,263,30,277,392,46,27,143,85,885,36,30.17
James Harden,Houston Rockets,289,60,135,25,72,53,60,5,36,83,7,6,34,14,198,8,27.66
James Johnson,Dallas Mavericks,504,67,145,15,60,17,29,14,72,50,24,23,27,59,166,29,14.08
James Johnson,New Orleans Pelicans,539,79,182,16,60,28,47,18,73,48,18,19,28,61,202,22,13.19
James Nunnally,New Orleans Pelicans,47,5,13,4,12,1,2,2,7,3,0,0,2,1,15,9,10.86
James Wiseman,Golden State Warriors,836,191,368,12,38,54,86,55,171,26,11,36,60,121,448,39,17.04
Jared Dudley,Los Angeles Lakers,79,2,9,2,6,0,0,4,17,5,1,1,2,7,6,12,5.65
Jared Harper,New York Knicks,15,0,4,0,1,3,4,0,2,1,0,0,3,1,3,8,-10.07
Jaren Jackson Jr.,Memphis Grizzlies,258,53,125,17,60,35,42,17,45,12,12,18,15,42,158,11,22.0
Jarred Vanderbilt,Minnesota Timberwolves,1141,143,236,1,5,57,102,118,250,76,64,46,53,123,344,64,19.0
Jarrell Brantley,Utah Jazz,139,25,52,12,28,2,2,9,18,15,7,2,8,17,64,28,19.24
Jarrett Allen,Brooklyn Nets,318,44,65,0,0,46,61,38,87,20,7,19,22,21,134,12,24.68
Jarrett Allen,Cleveland Cavaliers,1546,254,417,6,19,158,229,158,348,86,25,71,78,75,672,51,22.41
Jarrett Culver,Minnesota Timberwolves,501,69,168,13,53,29,48,34,70,24,17,9,28,58,180,34,11.29
Javonte Green,Boston Celtics,342,39,71,7,22,20,30,20,32,11,18,2,13,32,105,25,13.53
Javonte Green,Chicago Bulls,129,14,31,3,8,10,10,6,13,6,10,4,6,13,41,16,15.07
Jaxson Hayes,New Orleans Pelicans,961,175,280,6,14,93,120,92,165,35,25,38,39,101,449,60,22.15
Jay Scrubb,Los Angeles Clippers,84,14,36,2,9,5,5,2,12,1,4,0,7,5,35,4,8.57
Jaylen Adams,Milwaukee Bucks,19,1,8,0,2,0,0,0,3,2,0,0,0,1,2,7,-4.85
Jaylen Brown,Boston Celtics,2001,538,1111,163,411,191,250,71,276,195,72,32,158,168,1430,58,23.64
Jaylen Hoard,Oklahoma City Thunder,318,44,88,0,11,28,41,21,44,24,13,5,17,19,116,19,15.92
Jaylen Nowell,Minnesota Timberwolves,759,142,335,50,150,45,55,19,76,62,22,12,28,72,379,42,15.88
Jayson Tatum,Boston Celtics,2290,605,1318,187,485,295,340,50,422,276,75,31,171,122,1692,64,25.46
Jeff Green,Brooklyn Nets,1839,261,530,103,250,125,161,34,229,108,36,27,54,122,750,68,15.65
Jeff Teague,Boston Celtics,616,78,188,26,56,51,61,10,47,73,26,7,39,43,233,34,13.59
Jeff Teague,Milwaukee Bucks,335,45,96,10,26,38,44,5,26,59,8,5,25,13,138,21,17.09
Jerami Grant,Detroit Pistons,1829,400,932,115,329,290,343,35,215,152,35,58,109,125,1205,54,20.74
Jeremiah Martin,Cleveland Cavaliers,75,9,33,3,12,1,5,2,5,4,5,2,6,1,22,9,3.36
Jeremy Lamb,Indiana Pacers,763,120,276,52,128,71,75,25,106,53,34,23,22,72,363,36,19.42
Jerome Robinson,Washington Wizards,304,28,95,11,42,16,20,4,34,25,12,6,19,31,83,17,6.14
Jevon Carter,Phoenix Suns,715,94,223,56,151,4,7,16,76,71,29,9,16,56,248,60,14.47
Jimmy Butler,Miami Heat,1745,366,736,25,102,359,416,94,265,369,108,18,109,71,1116,52,30.78
Joe Harris,Brooklyn Nets,2140,357,707,211,444,49,63,43,205,130,46,14,62,141,974,69,16.99
Joe Ingles,Utah Jazz,1867,275,562,183,406,76,90,27,217,318,45,12,117,120,809,67,18.71
Joel Embiid,Philadelphia 76ers,1590,461,899,58,154,471,548,113,426,145,50,69,159,123,1451,51,35.47
John Collins,Atlanta Hawks,1844,429,771,83,208,170,204,118,349,78,34,63,84,193,1111,63,23.83
John Konchar,Memphis Grizzlies,578,69,138,21,56,25,30,35,93,47,30,9,18,40,184,43,17.41
John Wall,Houston Rockets,1288,293,726,79,249,158,211,17,112,275,42,31,141,46,823,40,19.85
Jonas Valančiūnas,Memphis Grizzlies,1757,440,743,21,57,157,203,253,523,112,35,57,100,179,1058,62,28.79
Jontay Porter,Memphis Grizzlies,54,8,15,3,8,3,5,4,10,1,3,1,7,12,22,11,11.57
Jordan Bell,Golden State Warriors,15,0,2,0,0,1,2,1,4,2,0,2,1,2,1,1,7.06
Jordan Bell,Washington Wizards,67,7,20,0,2,0,0,6,13,5,3,3,3,5,14,5,10.8
Jordan Bone,Orlando Magic,197,23,54,10,32,0,0,4,20,18,2,0,3,11,56,14,10.72
Jordan Clarkson,Utah Jazz,1816,457,1075,208,599,129,144,47,227,168,61,10,115,110,1251,68,21.01
Jordan McLaughlin,Minnesota Timberwolves,942,100,242,33,92,23,30,21,87,193,51,6,51,44,256,51,14.8
Jordan Nwora,Milwaukee Bucks,274,62,135,28,62,19,25,9,51,7,16,7,24,22,171,30,20.06
Jordan Poole,Golden State Warriors,987,205,474,97,276,105,119,15,77,99,26,9,51,86,612,51,19.66
Josh Green,Dallas Mavericks,447,42,93,4,25,13,23,28,50,28,16,3,17,35,101,39,10.05
Josh Hall,Oklahoma City Thunder,336,30,99,4,37,22,44,6,53,28,4,1,25,37,86,21,2.76
Josh Hart,New Orleans Pelicans,1351,151,344,63,193,69,89,53,324,109,38,12,49,111,434,47,14.87
Josh Jackson,Detroit Pistons,1562,296,707,77,257,159,218,57,197,143,53,47,142,178,828,62,15.14
Josh Okogie,Minnesota Timberwolves,1196,102,254,29,108,83,108,63,93,63,54,28,43,123,316,59,11.11
Josh Richardson,Dallas Mavericks,1787,264,618,88,267,99,108,51,144,153,61,24,79,130,715,59,13.98
Jrue Holiday,Milwaukee Bucks,1905,414,823,111,283,107,136,73,195,357,96,37,127,98,1046,59,24.1
Juan Toscano-Anderson,Golden State Warriors,1108,121,209,37,92,22,31,29,205,150,41,26,61,111,301,53,15.43
Juancho Hernangómez,Minnesota Timberwolves,899,130,299,55,168,60,97,45,160,35,19,7,27,52,375,52,15.28
Julius Randle,New York Knicks,2666,602,1321,160,389,348,429,84,639,427,64,18,241,225,1712,71,22.99
Justin Holiday,Indiana Pacers,2181,258,625,173,453,67,85,32,224,119,74,41,54,135,756,72,13.09
Justin Jackson,Milwaukee Bucks,33,3,9,2,6,1,2,2,4,1,0,0,1,1,9,1,7.69
Justin Jackson,Oklahoma City Thunder,544,86,212,34,111,30,35,14,57,51,15,2,31,31,236,33,13.52
Justin James,Sacramento Kings,313,52,111,14,38,21,36,9,21,22,8,3,15,23,139,36,13.84
Justin Patton,Houston Rockets,245,29,70,9,34,3,4,14,35,14,12,14,4,34,70,13,13.94
Justin Robinson,Oklahoma City Thunder,88,7,21,4,14,3,5,1,6,9,3,0,2,10,21,9,7.75
Justise Winslow,Memphis Grizzlies,511,74,210,10,54,20,35,18,100,50,15,12,37,47,178,26,8.94
Jusuf Nurkić,Portland Trail Blazers,881,171,333,12,30,70,113,86,246,125,38,39,73,103,424,37,23.35
Juwan Morgan,Utah Jazz,148,14,30,4,13,3,7,9,19,9,4,1,4,21,35,29,9.9
KZ Okpala,Miami Heat,443,36,96,12,50,8,15,21,47,19,10,11,15,59,92,37,6.59
Karim Mané,Orlando Magic,89,3,13,1,2,4,5,1,13,4,0,2,3,10,11,10,2.23
Karl-Anthony Towns,Minnesota Timberwolves,1688,425,875,122,315,267,311,133,396,225,39,57,160,186,1239,50,28.54
Kawhi Leonard,Los Angeles Clippers,1771,465,908,101,254,261,295,55,282,269,81,21,105,82,1292,52,29.99
Keita Bates-Diop,San Antonio Spurs,245,30,67,5,17,14,21,9,40,12,11,5,7,11,79,30,14.21
Kelan Martin,Indiana Pacers,324,62,138,24,60,9,10,18,60,17,10,10,16,35,157,35,17.4
Keldon Johnson,San Antonio Spurs,1971,338,705,60,181,145,196,93,319,121,40,24,78,142,881,69,16.5
Keljin Blevins,Portland Trail Blazers,75,5,20,2,8,0,0,3,7,4,2,0,5,8,12,17,0.07
Kelly Olynyk,Houston Rockets,838,175,321,49,125,114,135,43,185,112,39,16,71,84,513,27,26.87
Kelly Olynyk,Miami Heat,1159,162,376,77,243,31,40,44,217,91,40,26,55,123,432,43,14.63
Kelly Oubre Jr.,Golden State Warriors,1688,318,724,90,285,123,177,82,247,73,57,42,70,121,849,55,17.17
Kemba Walker,Boston Celtics,1368,284,676,127,353,134,149,16,154,212,48,12,88,61,829,43,21.27
Kendrick Nunn,Miami Heat,1651,319,658,122,320,56,60,21,158,148,52,14,80,108,816,56,17.23
Kenrich Williams,Oklahoma City Thunder,1428,219,411,52,117,36,63,84,189,152,55,17,76,143,526,66,16.49
Kent Bazemore,Golden State Warriors,1334,176,392,75,184,54,78,26,203,108,69,33,82,158,481,67,13.65
Kentavious Caldwell-Pope,Los Angeles Lakers,1900,218,506,120,293,97,112,27,152,127,62,26,66,114,653,67,12.86
Kenyon Martin Jr.,Houston Rockets,1066,162,318,35,96,60,84,73,169,48,30,41,38,89,419,45,17.45
Kevin Durant,Brooklyn Nets,1157,324,603,85,189,210,238,13,234,195,25,45,120,70,943,35,31.75
Kevin Huerter,Atlanta Hawks,2126,316,731,140,386,50,64,38,193,241,82,18,79,165,822,69,14.54
Kevin Knox,New York Knicks,464,56,143,35,89,16,20,10,51,19,12,6,17,37,163,42,10.8
Kevin Love,Cleveland Cavaliers,624,103,252,57,156,42,51,17,169,63,16,2,38,26,305,25,18.48
Kevin Porter Jr.,Houston Rockets,838,156,367,50,161,69,94,20,79,164,19,8,91,61,431,26,16.07
Kevon Looney,Golden State Warriors,1163,108,197,4,17,31,48,117,205,119,21,22,37,136,251,61,14.19
Khem Birch,Orlando Magic,954,94,209,4,21,63,85,117,126,53,32,28,23,67,255,48,15.72
Khem Birch,Toronto Raptors,577,95,171,9,31,28,44,57,87,36,16,22,21,46,227,19,19.42
Khris Middleton,Milwaukee Bucks,2266,511,1074,151,365,212,236,54,352,370,74,9,178,160,1385,68,22.61
Khyri Thomas,Houston Rockets,153,32,66,9,27,9,9,7,11,25,9,6,6,8,82,5,25.27
Killian Hayes,Detroit Pistons,670,71,201,20,72,14,17,6,63,138,27,10,83,57,176,26,7.43
Killian Tillie,Memphis Grizzlies,183,19,57,10,33,9,11,6,18,8,5,8,2,20,57,18,10.66
Kira Lewis Jr.,New Orleans Pelicans,907,130,337,40,120,43,51,12,59,124,38,10,34,88,343,54,12.92
Kostas Antetokounmpo,Los Angeles Lakers,56,3,10,0,0,6,13,4,15,1,2,4,11,8,12,15,1.25
Kris Dunn,Atlanta Hawks,46,1,12,0,2,3,4,0,6,2,2,2,3,10,5,4,-4.66
Kristaps Porziņģis,Dallas Mavericks,1325,325,683,97,258,118,138,82,299,68,20,58,51,115,865,43,24.63
Kyle Anderson,Memphis Grizzlies,1891,308,658,94,261,144,184,52,344,250,84,57,86,120,854,69,20.83
Kyle Guy,Sacramento Kings,235,29,88,13,46,16,20,5,30,32,6,0,11,20,87,31,11.3
Kyle Kuzma,Los Angeles Lakers,1953,335,757,137,380,67,97,108,309,127,35,41,113,121,874,68,15.55
Kyle Lowry,Toronto Raptors,1604,260,596,131,331,140,160,35,212,338,45,14,126,143,791,46,19.98
Kyrie Irving,Brooklyn Nets,1887,549,1086,152,378,201,218,52,205,324,76,37,130,140,1451,54,29.4
LaMarcus Aldridge,Brooklyn Nets,131,25,48,4,5,10,10,2,22,13,3,11,7,11,64,5,21.38
LaMarcus Aldridge,San Antonio Spurs,542,115,248,27,75,31,37,17,77,36,8,18,20,36,288,21,18.24
LaMelo Ball,Charlotte Hornets,1466,293,672,92,261,125,165,63,239,313,81,18,145,136,803,51,21.75
Lamar Stevens,Cleveland Cavaliers,501,62,136,4,25,37,51,24,72,25,17,13,23,53,165,40,12.43
Landry Shamet,Brooklyn Nets,1396,186,456,129,333,66,78,11,101,99,31,10,48,93,567,61,13.0
Langston Galloway,Phoenix Suns,436,66,147,36,85,22,23,7,35,26,8,0,13,25,190,40,14.59
Larry Nance Jr.,Cleveland Cavaliers,1094,128,272,41,114,30,49,54,181,107,61,17,55,72,327,35,15.3
Lauri Markkanen,Chicago Bulls,1318,250,521,119,296,76,92,35,233,45,26,15,52,75,695,51,18.6
LeBron James,Los Angeles Lakers,1498,422,823,104,285,178,255,29,317,350,48,25,168,70,1126,45,29.34
Lonnie Walker IV,San Antonio Spurs,1521,256,609,100,282,57,70,14,141,101,29,15,65,101,669,60,12.35
Lonzo Ball,New Orleans Pelicans,1745,290,700,172,455,50,64,33,230,316,82,31,123,103,802,55,18.73
Lou Williams,Atlanta Hawks,503,84,216,24,54,47,54,6,44,81,8,2,42,20,239,24,13.8
Lou Williams,Los Angeles Clippers,915,181,430,45,119,103,119,15,73,144,39,4,66,42,510,42,18.86
Louis King,Sacramento Kings,85,17,34,4,11,6,6,5,13,9,7,3,4,9,44,6,24.78
Luguentz Dort,Oklahoma City Thunder,1548,247,639,113,329,122,164,38,151,88,45,19,79,134,729,52,12.89
Luka Dončić,Dallas Mavericks,2261,647,1351,192,548,344,471,54,473,567,64,36,281,152,1830,66,29.78
Luka Šamanić,San Antonio Spurs,311,47,105,12,43,16,29,16,52,15,8,8,20,43,122,33,11.94
Luke Kennard,Los Angeles Clippers,1230,197,414,100,224,26,31,15,146,104,23,9,48,91,520,63,15.04
Luke Kornet,Boston Celtics,251,35,74,9,36,1,2,13,39,20,2,25,6,19,80,18,16.68
Luke Kornet,Chicago Bulls,94,9,27,6,23,2,4,1,14,4,2,7,1,1,26,13,11.99
Malachi Flynn,Toronto Raptors,927,127,340,54,168,45,56,10,106,137,38,7,43,68,353,47,13.79
Malcolm Brogdon,Indiana Pacers,1933,444,980,145,374,153,177,58,236,329,49,15,115,110,1186,56,22.57
Malik Beasley,Minnesota Timberwolves,1213,264,600,128,321,68,80,28,134,88,30,7,60,62,724,37,18.79
Malik Fitts,Los Angeles Clippers,11,1,3,1,2,0,0,0,3,0,0,0,0,3,3,3,4.72
Malik Monk,Charlotte Hornets,880,173,399,85,212,59,72,14,87,87,19,4,55,47,490,42,17.23
Mamadi Diakite,Milwaukee Bucks,139,16,40,1,8,11,14,8,26,8,7,6,3,16,44,14,15.04
Marc Gasol,Los Angeles Lakers,993,88,194,50,122,36,50,38,177,109,26,58,53,115,262,52,14.21
Marcus Morris,Los Angeles Clippers,1502,276,584,140,296,73,89,35,199,58,34,15,57,117,765,57,17.07
Marcus Smart,Boston Celtics,1580,203,510,93,282,128,162,36,131,273,72,23,96,126,627,48,16.32
Markelle Fultz,Orlando Magic,215,41,104,4,16,17,19,5,20,43,8,2,18,18,103,8,15.01
Markieff Morris,Los Angeles Lakers,1201,153,378,65,209,36,50,48,218,73,22,19,54,105,407,61,11.6
Markus Howard,Denver Nuggets,205,40,106,18,65,7,9,1,20,18,4,1,18,23,105,37,9.35
Marques Bolden,Cleveland Cavaliers,29,1,3,0,0,5,8,3,3,0,2,2,2,0,7,6,14.54
Marquese Chriss,Golden State Warriors,26,5,14,1,5,2,4,3,10,2,0,2,2,3,13,2,16.74
Marvin Bagley III,Sacramento Kings,1111,247,490,37,108,77,134,106,212,43,21,21,59,100,608,43,19.71
Mason Jones,Houston Rockets,308,47,114,23,64,35,57,4,47,39,6,1,28,22,152,26,14.53
Mason Jones,Philadelphia 76ers,27,5,9,1,2,5,7,3,1,3,1,0,1,2,16,6,26.69
Mason Plumlee,Detroit Pistons,1497,234,381,0,7,113,169,145,374,202,43,50,105,186,581,56,21.46
Matisse Thybulle,Philadelphia 76ers,1297,102,243,43,143,8,18,30,94,63,105,71,32,127,255,65,11.5
Matt Thomas,Toronto Raptors,191,24,62,17,41,6,7,3,18,9,2,0,6,10,71,26,10.58
Matt Thomas,Utah Jazz,133,26,65,10,39,6,7,4,19,10,2,0,8,8,68,19,13.58
Matthew Dellavedova,Cleveland Cavaliers,224,14,56,4,25,4,4,6,18,58,4,1,6,21,36,13,9.08
Maurice Harkless,Miami Heat,123,5,13,5,11,0,2,2,11,7,2,4,3,14,15,11,5.53
Maurice Harkless,Sacramento Kings,650,64,152,18,73,33,41,11,65,37,28,16,19,72,179,26,10.63
Max Strus,Miami Heat,508,85,187,50,148,16,24,5,36,24,11,2,8,43,236,39,14.84
Maxi Kleber,Dallas Mavericks,1339,116,275,87,212,34,37,47,213,68,24,35,30,105,353,50,12.21
Meyers Leonard,Miami Heat,30,3,7,3,7,1,2,0,7,2,0,0,2,5,10,3,8.72
Mfiondu Kabengele,Cleveland Cavaliers,185,24,57,9,32,11,14,11,35,12,6,10,9,18,68,16,16.07
Mfiondu Kabengele,Los Angeles Clippers,96,9,32,4,18,5,6,1,13,5,2,3,6,18,27,23,3.02
Michael Carter-Williams,Orlando Magic,801,105,270,15,61,49,80,39,100,129,25,17,69,81,274,31,11.71
Michael Porter Jr.,Denver Nuggets,1918,443,817,170,382,106,134,91,354,70,40,54,77,126,1162,61,23.86
Mikal Bridges,Phoenix Suns,2353,363,669,134,315,110,131,76,233,152,76,63,57,116,970,72,18.72
Mike Conley,Utah Jazz,1495,284,640,138,335,121,142,36,141,305,70,9,99,98,827,51,22.74
Mike James,Brooklyn Nets,236,34,92,11,31,21,27,3,29,54,6,1,20,10,100,13,15.3
Mike Muscala,Oklahoma City Thunder,648,119,267,68,184,33,36,19,113,28,8,11,21,54,339,35,17.91
Mike Scott,Philadelphia 76ers,851,76,211,53,155,8,12,11,109,40,24,14,19,72,213,51,8.55
Miles Bridges,Charlotte Hornets,1935,313,622,116,290,98,113,81,316,147,44,52,106,143,840,66,17.69
Mitchell Robinson,New York Knicks,852,115,176,0,0,26,53,113,139,17,35,45,26,86,256,31,18.78
Miye Oni,Utah Jazz,521,35,99,30,88,5,6,23,61,28,11,8,16,61,105,54,7.74
Mo Bamba,Orlando Magic,723,142,301,38,118,45,66,76,189,35,14,58,36,87,367,46,22.39
Monte Morris,Denver Nuggets,1197,186,387,51,134,58,73,11,85,150,34,13,34,48,481,47,16.48
Montrezl Harrell,Los Angeles Lakers,1580,375,603,0,10,181,256,158,270,73,46,49,74,128,931,69,26.05
Moritz Wagner,Boston Celtics,62,4,14,2,6,1,2,3,16,6,0,1,9,10,11,9,0.41
Moritz Wagner,Orlando Magic,285,38,93,16,43,29,33,11,43,12,4,9,13,36,121,11,13.84
Moritz Wagner,Washington Wizards,374,62,122,13,42,41,52,13,60,32,22,8,21,62,178,25,19.12
Moses Brown,Oklahoma City Thunder,920,146,268,0,0,78,126,154,229,10,31,47,43,93,370,43,21.52
Mychal Mulder,Golden State Warriors,765,119,265,85,214,14,22,8,52,26,12,12,16,56,337,60,13.95
Myles Turner,Indiana Pacers,1456,206,432,69,206,111,142,63,243,48,40,159,67,165,592,47,18.3
Naji Marshall,New Orleans Pelicans,698,82,209,29,83,53,75,15,133,88,26,10,38,58,246,32,14.26
Nassir Little,Portland Trail Blazers,644,78,167,28,80,36,45,32,96,23,5,13,18,51,220,48,13.3
Nate Darling,Charlotte Hornets,26,2,7,2,7,3,3,1,0,1,0,1,1,1,9,7,10.07
Nate Hinton,Dallas Mavericks,93,15,42,4,19,7,10,1,8,8,7,2,5,8,41,21,12.78
Nathan Knight,Atlanta Hawks,280,37,100,6,33,44,55,27,45,8,9,10,15,22,124,33,16.24
Naz Reid,Minnesota Timberwolves,1348,304,581,61,174,115,166,82,240,72,34,76,69,179,784,70,22.28
Nemanja Bjelica,Miami Heat,158,20,46,10,27,5,9,5,22,20,7,3,5,20,55,11,15.61
Nemanja Bjelica,Sacramento Kings,442,69,150,17,58,32,42,24,76,49,8,2,28,48,187,26,15.53
Nerlens Noel,New York Knicks,1543,137,223,0,3,50,70,142,266,46,70,141,65,176,324,64,15.67
Nic Claxton,Brooklyn Nets,597,90,145,1,5,31,64,43,123,28,23,40,18,68,212,32,19.35
Nick Richards,Charlotte Hornets,59,4,9,0,1,7,11,4,7,2,0,0,3,7,15,18,7.5
Nickeil Alexander-Walker,New Orleans Pelicans,1008,192,458,76,219,48,66,13,131,102,47,22,69,88,508,46,15.9
Nico Mannion,Golden State Warriors,360,39,114,22,60,23,28,6,40,70,16,1,31,29,123,30,12.53
Nicolas Batum,Los Angeles Clippers,1834,191,412,110,272,48,58,50,266,148,69,37,53,102,540,67,14.75
Nicolò Melli,Dallas Mavericks,322,31,82,16,48,13,18,17,48,19,5,2,5,30,91,23,11.17
Nicolò Melli,New Orleans Pelicans,243,15,59,7,37,6,7,12,45,25,9,1,7,28,43,22,7.62
Nikola Jokić,Denver Nuggets,2488,732,1293,92,237,342,394,205,575,599,95,48,222,192,1898,72,36.03
Nikola Vučević,Chicago Bulls,847,230,488,59,152,40,46,59,241,102,23,20,43,58,559,26,26.63
Nikola Vučević,Orlando Magic,1499,436,908,117,288,91,110,87,430,167,42,28,83,79,1080,44,27.99
Noah Vonleh,Brooklyn Nets,11,0,3,0,2,0,0,0,1,1,0,0,2,2,0,4,-19.12
Norman Powell,Portland Trail Blazers,928,156,352,53,147,95,108,23,66,52,35,10,42,62,460,27,16.46
Norman Powell,Toronto Raptors,1278,282,566,118,269,141,163,19,107,77,47,8,77,98,823,42,21.42
Norvel Pelle,Brooklyn Nets,28,3,7,0,0,0,0,3,4,0,0,3,3,9,6,3,2.81
Norvel Pelle,New York Knicks,52,5,7,0,0,1,2,2,9,1,1,6,0,4,11,9,16.22
Norvel Pelle,Sacramento Kings,4,0,1,0,0,3,4,1,0,1,0,0,0,1,3,1,34.49
OG Anunoby,Toronto Raptors,1435,249,519,104,261,80,102,54,183,94,66,32,75,114,682,43,18.38
Obi Toppin,New York Knicks,685,104,209,26,85,19,26,26,112,29,17,15,23,55,253,62,14.46
Onyeka Okongwu,Atlanta Hawks,599,96,149,0,3,36,57,62,101,18,23,33,29,100,228,50,18.74
Oshae Brissett,Indiana Pacers,521,73,151,33,78,50,65,29,86,18,19,20,10,32,229,21,20.55
Otto Porter Jr.,Chicago Bulls,538,89,202,38,95,31,37,28,110,50,12,4,25,37,247,25,18.19
Otto Porter Jr.,Orlando Magic,67,9,25,1,9,5,5,0,14,5,4,0,0,4,24,3,14.3
P.J. Tucker,Houston Rockets,959,48,131,27,86,18,23,33,115,45,29,18,33,91,141,32,6.76
P.J. Tucker,Milwaukee Bucks,396,18,46,13,33,3,5,18,38,16,10,2,7,34,52,20,6.81
P.J. Washington,Charlotte Hornets,1955,302,686,112,290,108,145,93,325,161,69,79,128,171,824,64,16.37
PJ Dozier,Denver Nuggets,1088,148,355,47,149,42,66,35,147,92,31,22,46,86,385,50,12.7
Pascal Siakam,Toronto Raptors,2006,437,961,73,246,249,301,95,310,250,64,37,130,174,1196,56,21.57
Pat Connaughton,Milwaukee Bucks,1578,168,387,101,272,31,40,63,269,81,49,23,33,99,468,69,13.72
Patrick Beverley,Los Angeles Clippers,833,93,220,56,141,36,45,29,90,76,29,28,34,108,278,37,13.79
Patrick McCaw,Toronto Raptors,33,1,1,0,0,3,3,1,2,4,2,0,0,6,5,5,13.29
Patrick Patterson,Los Angeles Clippers,582,72,165,40,112,13,17,19,56,29,14,8,11,45,197,38,12.74
Patrick Williams,Chicago Bulls,1982,255,528,54,138,91,125,66,261,99,64,46,98,126,655,71,12.74
Patty Mills,San Antonio Spurs,1683,252,611,161,429,71,78,18,98,162,42,3,66,81,736,68,14.44
Paul George,Los Angeles Clippers,1825,445,953,171,416,198,228,45,314,280,62,24,179,132,1259,54,24.28
Paul Millsap,Denver Nuggets,1166,191,401,49,143,71,98,76,186,98,51,36,51,111,502,56,18.97
Paul Reed,Philadelphia 76ers,179,42,78,0,6,4,8,30,31,12,10,13,12,29,88,26,23.78
Paul Watson,Toronto Raptors,294,38,82,30,64,5,8,4,41,17,6,3,9,36,111,27,13.45
Payton Pritchard,Boston Celtics,1265,184,418,102,248,40,45,33,125,120,37,9,53,104,510,66,14.77
Precious Achiuwa,Miami Heat,737,124,228,0,1,56,110,73,135,29,20,28,43,91,304,61,16.64
Quinn Cook,Cleveland Cavaliers,95,17,42,6,13,3,3,2,10,13,3,0,4,8,43,7,14.91
Quinn Cook,Los Angeles Lakers,61,12,26,5,13,4,5,0,5,5,1,1,3,2,33,16,17.25
Quinndary Weatherspoon,San Antonio Spurs,120,16,35,1,6,13,16,3,8,8,8,2,10,18,46,20,11.7
R.J. Hampton,Denver Nuggets,233,25,60,5,18,9,12,10,40,14,5,2,11,22,64,25,9.61
R.J. Hampton,Orlando Magic,658,111,253,22,69,46,70,19,110,73,16,8,42,39,290,26,15.07
RJ Barrett,New York Knicks,2511,467,1060,124,309,206,276,68,346,217,53,20,139,188,1264,72,15.83
Rajon Rondo,Atlanta Hawks,403,44,110,17,45,1,2,4,51,95,19,2,39,25,106,27,12.09
Rajon Rondo,Los Angeles Clippers,366,51,105,19,44,15,15,14,41,104,18,2,40,28,136,18,19.46
Raul Neto,Washington Wizards,1403,209,447,64,164,75,85,28,128,146,73,6,53,109,557,64,16.21
Ray Spalding,Houston Rockets,19,2,4,0,1,0,2,2,2,0,0,2,3,3,4,2,1.38
Rayjon Tucker,Philadelphia 76ers,67,9,18,2,7,14,19,1,10,6,2,0,4,8,34,14,18.34
Reggie Bullock,New York Knicks,1949,248,561,163,398,50,55,16,207,99,52,11,45,146,709,65,12.89
Reggie Jackson,Los Angeles Clippers,1544,263,585,122,282,67,82,24,168,205,41,7,74,127,715,67,16.81
Reggie Perry,Brooklyn Nets,208,32,78,4,21,10,13,27,46,14,6,6,15,40,78,26,13.68
Richaun Holmes,Sacramento Kings,1781,366,575,2,11,135,170,144,360,101,39,96,75,213,869,61,23.35
Ricky Rubio,Minnesota Timberwolves,1769,193,498,66,214,130,150,28,195,433,98,4,111,139,582,68,16.83
Robert Covington,Portland Trail Blazers,2241,204,509,135,356,50,62,61,405,117,101,84,64,195,593,70,12.94
Robert Franks,Orlando Magic,101,13,28,5,15,12,13,6,8,5,3,3,2,8,43,7,18.71
Robert Williams,Boston Celtics,986,186,258,0,2,45,73,133,225,94,43,91,52,105,417,52,28.16
Robert Woodard II,Sacramento Kings,46,8,20,1,6,3,8,4,12,2,0,3,1,4,20,13,15.36
Robin Lopez,Washington Wizards,1356,269,425,5,18,99,137,141,131,55,15,44,75,109,642,71,19.99
Rodions Kurucs,Brooklyn Nets,15,1,3,1,2,0,0,0,3,2,0,0,0,1,3,5,10.37
Rodions Kurucs,Houston Rockets,76,5,21,2,15,1,2,2,9,4,6,4,9,7,13,11,2.07
Rodions Kurucs,Milwaukee Bucks,33,5,8,3,4,2,2,3,6,4,3,0,4,8,15,5,21.64
Rodney Hood,Portland Trail Blazers,726,73,201,25,84,9,12,18,55,47,20,4,31,59,180,38,6.34
Rodney Hood,Toronto Raptors,216,21,59,9,29,15,16,5,25,6,4,3,5,15,66,17,9.45
Rodney McGruder,Detroit Pistons,194,37,70,11,24,6,8,8,14,16,8,1,7,12,91,16,18.85
Romeo Langford,Boston Celtics,285,21,59,5,18,9,12,12,23,13,6,5,10,24,56,18,6.18
Rondae Hollis-Jefferson,Portland Trail Blazers,108,9,18,0,1,9,16,11,15,13,2,4,2,15,27,11,15.77
Royce O'Neale,Utah Jazz,2243,175,394,107,278,39,46,88,397,181,57,32,83,182,496,71,11.58
Rudy Gay,San Antonio Spurs,1356,264,628,106,278,82,102,42,261,88,45,40,65,115,716,63,17.99
Rudy Gobert,Utah Jazz,2185,391,579,0,4,233,374,240,720,89,40,190,118,163,1015,71,26.47
Rui Hachimura,Washington Wizards,1792,310,648,45,137,124,161,49,263,82,44,7,68,120,789,57,14.69
Russell Westbrook,Washington Wizards,2370,544,1238,86,273,271,413,109,641,763,89,23,312,190,1445,65,25.15
Ryan Arcidiacono,Chicago Bulls,452,49,117,25,67,13,20,5,62,56,9,0,10,47,136,44,12.16
Saben Lee,Detroit Pistons,780,99,210,8,23,61,89,20,77,174,32,13,55,76,267,48,16.38
Saddiq Bey,Detroit Pistons,1911,279,691,175,460,124,147,43,275,95,52,14,60,110,857,70,15.43
Sam Merrill,Milwaukee Bucks,233,32,72,21,47,4,4,6,24,21,8,1,10,17,89,30,14.64
Sean McDermott,Memphis Grizzlies,158,13,33,5,22,8,8,6,13,4,2,3,4,8,39,18,8.89
Sekou Doumbouya,Detroit Pistons,866,107,282,26,115,45,64,39,104,47,24,9,44,94,285,56,8.95
Semi Ojeleye,Boston Celtics,948,89,221,58,158,24,32,31,116,37,17,0,21,56,260,56,9.98
Serge Ibaka,Los Angeles Clippers,955,186,365,39,115,43,53,73,202,74,9,47,44,76,454,41,20.78
Seth Curry,Philadelphia 76ers,1638,258,552,126,280,69,77,10,126,155,44,8,65,96,711,57,15.5
Shai Gilgeous-Alexander,Oklahoma City Thunder,1178,287,565,71,170,185,229,19,147,207,27,23,106,70,830,35,26.1
Shake Milton,Philadelphia 76ers,1465,300,667,71,203,146,176,33,115,193,39,18,103,130,817,63,17.75
Shaquille Harrison,Denver Nuggets,274,20,58,3,14,13,16,4,35,16,15,5,6,30,56,17,8.49
Shaquille Harrison,Utah Jazz,57,6,20,0,2,5,6,3,6,9,2,0,5,3,17,17,8.52
Sindarius Thornwell,New Orleans Pelicans,74,7,21,3,9,0,2,1,4,4,5,1,4,3,17,14,6.03
Sindarius Thornwell,Orlando Magic,143,8,25,4,14,4,6,2,11,17,8,1,3,12,24,7,9.14
Skylar Mays,Atlanta Hawks,271,44,98,14,40,22,25,10,25,30,14,2,9,15,124,33,19.37
Solomon Hill,Atlanta Hawks,1514,107,298,68,212,35,46,42,172,75,50,11,42,116,317,71,8.12
Spencer Dinwiddie,Brooklyn Nets,64,6,16,2,7,6,6,0,13,9,2,1,5,4,20,3,12.82
Stanley Johnson,Toronto Raptors,1005,89,233,45,137,44,55,29,124,89,52,18,54,116,267,61,10.77
Stephen Curry,Golden State Warriors,2152,658,1365,337,801,362,395,29,316,363,77,8,213,119,2015,63,33.4
Sterling Brown,Houston Rockets,1227,150,335,91,215,25,31,38,186,72,38,12,41,97,416,51,13.66
Steven Adams,New Orleans Pelicans,1606,189,308,0,3,60,135,213,301,111,54,38,78,113,438,58,17.28
Svi Mykhailiuk,Detroit Pistons,636,84,223,57,171,24,30,11,63,57,27,6,39,33,249,36,12.7
Svi Mykhailiuk,Oklahoma City Thunder,689,124,283,48,143,14,20,13,76,53,24,6,49,30,310,30,13.47
T.J. Leaf,Portland Trail Blazers,34,5,10,0,0,2,2,0,5,1,2,1,2,1,12,7,13.46
T.J. McConnell,Indiana Pacers,1796,274,490,15,48,33,48,55,201,456,128,23,135,113,596,69,20.38
T.J. Warren,Indiana Pacers,118,27,51,0,7,8,10,2,12,5,2,0,4,16,62,4,14.91
Tacko Fall,Boston Celtics,135,21,29,0,0,5,15,16,36,3,1,20,6,22,47,19,21.64
Taj Gibson,New York Knicks,937,99,158,3,15,40,55,99,151,36,31,49,22,99,241,45,17.05
Talen Horton-Tucker,Los Angeles Lakers,1301,224,489,37,131,100,129,25,144,181,63,21,105,127,585,65,15.86
Taurean Prince,Brooklyn Nets,219,30,74,13,37,24,27,2,32,7,8,8,11,21,97,12,14.49
Taurean Prince,Cleveland Cavaliers,685,101,253,49,118,41,49,17,91,69,20,15,36,54,292,29,14.91
Terance Mann,Los Angeles Clippers,1265,178,350,38,91,78,94,56,186,104,29,13,40,126,472,67,15.92
Terence Davis,Sacramento Kings,583,108,246,54,145,29,37,11,77,46,27,7,34,49,299,27,17.28
Terence Davis,Toronto Raptors,495,87,210,44,122,16,18,9,57,37,17,7,29,48,234,34,13.98
Terrance Ferguson,Philadelphia 76ers,50,1,7,0,5,0,0,0,1,2,1,0,4,7,2,13,-6.94
Terrence Ross,Orlando Magic,1345,254,616,89,264,120,138,15,143,108,47,21,74,88,717,46,16.2
Terry Rozier,Charlotte Hornets,2382,510,1134,222,571,165,202,47,255,293,87,26,128,119,1407,69,21.14
Thaddeus Young,Chicago Bulls,1654,370,662,12,45,71,113,168,255,291,74,40,137,152,823,68,23.84
Thanasis Antetokounmpo,Milwaukee Bucks,553,67,137,7,29,25,49,54,70,46,22,10,43,74,166,57,12.29
Theo Pinson,New York Knicks,36,1,9,0,8,0,0,0,5,1,0,0,1,4,2,17,-6.72
Thomas Bryant,Washington Wizards,272,59,91,9,21,16,24,18,43,15,4,8,11,31,143,10,22.54
Thon Maker,Cleveland Cavaliers,76,10,18,0,2,10,11,8,10,4,2,4,3,7,30,8,20.74
Théo Maledon,Oklahoma City Thunder,1773,226,614,105,313,101,135,25,186,227,56,11,141,126,658,65,10.7
Tim Frazier,Memphis Grizzlies,62,3,20,0,8,2,6,0,8,16,2,1,4,7,8,5,1.43
Tim Hardaway Jr.,Dallas Mavericks,1984,407,911,207,529,142,174,20,209,126,31,11,64,111,1163,70,18.6
Timothé Luwawu-Cabarrot,Brooklyn Nets,1051,130,356,75,239,35,43,28,101,69,33,6,43,99,370,58,10.13
Tobias Harris,Philadelphia 76ers,2015,473,924,82,208,182,204,62,357,220,55,51,107,119,1210,62,23.7
Tomáš Satoranský,Chicago Bulls,1310,169,329,42,118,67,79,30,112,271,40,14,96,89,447,58,16.44
Tony Bradley,Oklahoma City Thunder,399,80,122,0,2,31,44,46,89,20,9,17,27,33,191,22,23.44
Tony Bradley,Philadelphia 76ers,287,51,75,0,1,7,11,39,65,17,6,13,6,28,109,20,23.66
Tony Snell,Atlanta Hawks,992,88,171,62,109,11,11,18,94,59,13,11,21,75,249,47,10.96
Torrey Craig,Milwaukee Bucks,200,18,46,8,22,1,2,13,30,16,9,7,5,24,45,18,12.37
Torrey Craig,Phoenix Suns,603,91,181,31,84,16,20,44,110,33,19,19,20,59,229,32,17.79
Trae Young,Atlanta Hawks,2124,487,1112,136,397,484,546,38,207,594,53,12,261,111,1594,63,27.45
Tre Jones,San Antonio Spurs,269,37,78,3,5,17,19,8,13,39,8,0,13,13,94,37,14.3
Tremont Waters,Boston Celtics,237,34,84,15,38,16,17,5,16,62,15,1,27,17,99,26,17.51
Trent Forrest,Utah Jazz,301,32,71,5,26,19,19,11,33,45,9,4,21,22,88,30,13.22
Trevor Ariza,Miami Heat,841,99,241,50,143,34,44,27,117,55,31,18,21,55,282,30,14.16
Trey Burke,Dallas Mavericks,917,151,353,58,164,51,57,10,44,81,36,7,33,64,411,62,14.73
Trey Lyles,San Antonio Spurs,357,43,90,14,40,15,23,9,77,14,6,1,6,13,115,23,13.74
Tristan Thompson,Boston Celtics,1288,169,326,0,3,71,120,169,270,67,24,33,62,119,409,54,16.17
Troy Brown Jr.,Chicago Bulls,238,29,55,8,24,5,6,9,35,10,7,2,5,20,71,13,13.27
Troy Brown Jr.,Washington Wizards,284,33,89,14,46,10,15,11,50,19,3,4,16,29,90,21,8.86
Ty Jerome,Oklahoma City Thunder,788,128,287,71,168,26,34,10,81,120,20,6,47,61,353,33,16.46
Ty-Shon Alexander,Phoenix Suns,45,3,12,2,9,1,2,2,8,6,0,1,3,2,9,15,6.28
Tyler Bey,Dallas Mavericks,70,7,22,1,4,3,5,8,11,3,0,1,3,6,18,18,7.42
Tyler Cook,Brooklyn Nets,16,1,3,0,0,0,0,1,1,2,0,0,1,2,2,4,2.66
Tyler Cook,Detroit Pistons,420,68,100,1,2,17,35,27,66,15,8,2,20,33,154,28,15.45
Tyler Herro,Miami Heat,1631,307,699,107,297,94,117,25,243,184,35,17,101,71,815,54,16.75
Tyler Johnson,Brooklyn Nets,685,72,183,48,132,18,21,6,71,47,14,0,17,43,210,39,10.38
Tyrell Terry,Dallas Mavericks,57,5,16,0,7,1,3,0,6,6,5,0,2,2,11,11,7.52
Tyrese Haliburton,Sacramento Kings,1745,292,619,121,296,48,56,39,134,309,77,28,92,83,753,58,19.31
Tyrese Maxey,Philadelphia 76ers,940,198,429,31,103,61,70,11,93,120,26,13,41,79,488,61,17.6
Tyus Jones,Memphis Grizzlies,1225,178,413,45,140,41,45,21,119,259,64,6,48,31,442,70,18.26
Udoka Azubuike,Utah Jazz,60,4,9,0,0,8,10,4,9,0,1,4,3,9,16,15,11.1
Udonis Haslem,Miami Heat,3,2,2,0,0,0,0,0,1,0,0,0,0,0,4,1,62.18
Vernon Carey Jr.,Charlotte Hornets,115,18,36,1,7,9,11,6,21,2,1,5,5,13,46,19,14.3
Victor Oladipo,Houston Rockets,669,155,381,49,153,65,83,8,87,99,24,10,51,45,424,20,19.24
Victor Oladipo,Indiana Pacers,298,64,152,25,69,27,37,1,50,38,15,2,18,23,180,9,20.21
Victor Oladipo,Miami Heat,111,16,43,4,17,12,18,3,11,14,7,2,14,13,48,4,10.88
Vincent Poirier,Philadelphia 76ers,39,3,12,0,1,2,6,6,8,2,0,3,4,8,8,10,2.69
Vlatko Čančar,Denver Nuggets,282,33,72,9,33,10,13,11,39,14,11,2,14,18,85,41,11.63
Wayne Ellington,Detroit Pistons,1013,149,338,116,275,28,35,12,73,67,18,9,33,59,442,46,14.77
Wendell Carter Jr.,Chicago Bulls,792,129,252,8,22,82,111,70,180,69,18,24,49,96,348,32,19.37
Wendell Carter Jr.,Orlando Magic,583,101,205,7,29,49,68,62,131,35,17,18,29,50,258,22,19.98
Wenyen Gabriel,New Orleans Pelicans,242,24,60,13,32,11,17,20,34,11,9,8,15,32,72,21,11.67
Wes Iwundu,Dallas Mavericks,288,17,52,3,23,12,14,6,38,10,9,3,6,26,49,23,6.04
Wes Iwundu,New Orleans Pelicans,252,17,50,2,18,14,17,9,37,8,6,1,13,23,50,18,5.19
Wesley Matthews,Los Angeles Lakers,1133,89,252,66,197,35,41,20,73,54,38,17,26,80,279,58,8.7
Will Barton,Denver Nuggets,1737,259,608,98,257,95,121,39,187,181,50,23,96,95,711,56,14.35
Will Magnay,New Orleans Pelicans,3,0,1,0,1,0,0,0,0,0,0,0,1,1,0,1,-36.75
Willie Cauley-Stein,Dallas Mavericks,904,115,182,1,11,49,78,66,170,35,21,43,29,129,280,53,15.88
Willy Hernangómez,New Orleans Pelicans,845,151,268,1,10,62,93,117,217,50,22,23,34,68,365,47,22.86
Xavier Tillman Sr.,Memphis Grizzlies,1086,167,299,22,65,34,53,74,182,75,44,33,45,116,390,59,17.45
Yogi Ferrell,Cleveland Cavaliers,41,8,21,3,9,0,2,3,4,5,3,1,3,4,19,2,14.96
Yogi Ferrell,Los Angeles Clippers,97,12,36,6,19,7,7,2,10,17,4,2,0,7,37,8,17.71
Yuta Watanabe,Toronto Raptors,722,79,180,36,90,24,29,36,123,40,26,19,19,57,218,50,14.5
Zach LaVine,Chicago Bulls,2036,569,1123,200,477,253,298,36,253,282,46,27,203,138,1591,58,26.33
Zeke Nnaji,Denver Nuggets,397,50,104,24,59,12,15,14,51,10,8,4,7,29,136,42,13.3
Zion Williamson,New Orleans Pelicans,2026,634,1037,10,34,369,529,167,274,226,57,39,167,135,1647,61,32.06
